"cid"	"name"	"desc"	"img"	"area"	"sex"	"age"	"type"
"1"	"江学庆"	"“60分贝暖医”武汉市中心医院甲状腺乳腺外科主任江学庆，工作中感染新冠肺炎殉职，年仅55岁，被评定为烈士。"	"http://inews.gtimg.com/newsapp_ls/0/11512624087/0"	"湖北武汉"	"男"	"55"	"1"
"2"	"刘智明"	"武昌医院院长刘智明感染新冠肺炎殉职，年仅51岁，被评定为烈士。生死之间，他怕同事感染坚称“不要给我插管”。"	"http://inews.gtimg.com/newsapp_ls/0/11463387344/0"	"湖北武汉"	"男"	"51"	"1"
"3"	"王兵"	"被称“小区守护神”的小区诊所医生王兵，封城后坚持为居民看诊，不幸感染新冠肺炎殉职，终年72岁，被评定为烈士。"	"http://inews.gtimg.com/newsapp_ls/0/11533361115/0"	"湖北武汉"	"女"	"72"	"1"
"4"	"肖俊"	"49岁的武汉市红十字会医院普外科医生肖俊，被评定为烈士。确诊前坚持上完24小时的班，曾想攒假陪女儿高考。"	"http://inews.gtimg.com/newsapp_ls/0/11534129775/0"	"湖北武汉"	"男"	"49"	"1"
"5"	"彭银华"	"武汉市江夏区第一人民医院医生，主动推迟婚期请战，不幸殉职时妻子已怀孕6个月，年仅29岁的他被评定为烈士。"	"http://inews.gtimg.com/newsapp_ls/0/11534142114/0"	"湖北武汉"	"男"	"29"	"1"
"6"	"冯效林"	"黄陂区人民医院中医科返聘副主任医师，疫情期间坚持接诊，感染新冠肺炎不幸殉职，终年66岁，被评定为烈士。"	"http://inews.gtimg.com/newsapp_ls/0/11534606670/0"	"湖北武汉"	"男"	"66"	"1"
"7"	"黄文军"	"被患者称为“孝感钟南山”，曾第一时间申请去隔离病房工作，年仅42岁不幸感染新冠肺炎去世，被评定为烈士。"	"http://inews.gtimg.com/newsapp_ls/0/11534282320/0"	"湖北孝感"	"男"	"42"	"1"
"8"	"夏思思"	"29岁的她系协和江北医院医生，曾主动请战救治高度疑似新冠肺炎的病人，不幸被感染殉职，被评定为烈士。儿子才2岁。"	"http://inews.gtimg.com/newsapp_ls/0/11534299730/0"	"湖北武汉"	"女"	"29"	"1"
"9"	"柳帆"	"武昌医院护士柳帆在救治护理病人时，感染新冠肺炎殉职，年仅59岁，被评定为烈士。其父母及弟弟皆不幸感染离世。"	"http://inews.gtimg.com/newsapp_ls/0/11463529400/0"	"湖北武汉"	"女"	"59"	"1"
"10"	"张抗美"	"宝丰街社区卫生服务中心返聘医生，主动到社区发热诊室工作，不幸感染新冠肺炎殉职，终年68岁，被评定为烈士。"	"http://inews.gtimg.com/newsapp_ls/0/11534318289/0"	"湖北武汉"	"女"	"68"	"1"
"19"	"李文亮"	"武汉中心医院眼科医生，疫情期间坚守岗位，在工作中不幸感染殉职，被评定为烈士，年仅35岁的他曾最爱吃炸鸡。"	"http://inews.gtimg.com/newsapp_ls/0/11534329188/0"	"湖北武汉"	"男"	"35"	"1"
"20"	"梅仲明"	"57岁的武汉市中心医院眼科副主任，在工作岗位上感染新冠肺炎不幸殉职，被评定为烈士。与李文亮医生同科室。"	"http://inews.gtimg.com/newsapp_ls/0/11534337225/0"	"湖北武汉"	"男"	"57"	"1"
"21"	"朱峥嵘"	"朱峥嵘医生年前就查出大动脉炎，他藏起住院通知书投入工作，想扛到疫情结束，最终病情恶化去世，年仅48岁。"	"http://inews.gtimg.com/newsapp_ls/0/11534349293/0"	"江苏南通"	"男"	"48"	"1"
"24"	"吴忠泽"	"天安医院体检部主任吴忠泽，在抗疫一线连续工作半个月突发脑溢血殉职，终年50岁，临终前提醒同事“戴好口罩”。"	"http://inews.gtimg.com/newsapp_ls/0/11498891704/0"	"湖北武汉"	"男"	"50"	"1"
"25"	"姜继军"	"泰州市人民医院感染科医师，在查房后奔赴发热门诊时心跳骤停，经全力抢救不幸离世，年仅52岁。"	"http://inews.gtimg.com/newsapp_ls/0/11534132061/0"	"江苏泰州"	"男"	"52"	"1"
"26"	"左汉文"	"残疾村医左汉文跑遍了村里的家家户户，连续20多天奋战在抗疫一线，突发心脏病离世，生命永远定格在46岁。"	"http://inews.gtimg.com/newsapp_ls/0/11466227037/0"	"湖北随州"	"男"	"46"	"1"
"27"	"蒋金波"	"赣州市大余县疾病预防控制中心医师，过度劳累突发心梗不幸去世，终年58岁。累倒还惦记工作，本应两年后退休。"	"http://inews.gtimg.com/newsapp_ls/0/11534146024/0"	"江西赣州"	"男"	"58"	"1"
"28"	"包长命"	"一副口罩一双手套，就是50岁村医包长命的全部防护装备。他连日奔波排查返乡人员，倒在了返回卫生室的路上。"	"http://inews.gtimg.com/newsapp_ls/0/11466263260/0"	"内蒙古兴安"	"男"	"50"	"1"
"29"	"陈健"	"村医陈健下乡为村民测量体温途中，不幸发生交通事故遇难，年仅27岁。直到她离世一家四口都没有一张全家福。"	"http://inews.gtimg.com/newsapp_ls/0/11466302008/0"	"云南昭通"	"女"	"26"	"1"
"30"	"许德甫"	"鄂州十大名医许德甫退休后被返聘为专家，春节前夕病人骤增，他每天仍坚守门诊，不幸感染新冠肺炎去世，享年63岁。"	"http://inews.gtimg.com/newsapp_ls/0/11466316284/0"	"湖北鄂州"	"男"	"62"	"1"
"31"	"徐辉"	"南京市中医院副院长，在一线连续工作18天积劳成疾不幸去世，享年51岁，曾称最大愿望是“疫情过去，看春暖花开”。"	"http://inews.gtimg.com/newsapp_ls/0/11466342252/0"	"江苏南京"	"女"	"51"	"1"
"32"	"王土成"	"清晨穿着睡衣还未坐起的村医王土成，因连续在抗疫前线鏖战，突发心肌梗死，抛下妻儿，静静睡去了，享年37岁。"	"http://inews.gtimg.com/newsapp_ls/0/11466384354/0"	"河南许昌"	"男"	"37"	"1"
"33"	"宋云花"	"社区医生宋云花，在防疫回家路上遭遇车祸，不幸去世，年仅46岁，社区居民称“我们失去了一位最亲近的人”。"	"http://inews.gtimg.com/newsapp_ls/0/11466382444/0"	"云南保山"	"女"	"46"	"1"
"34"	"周新疆"	"42岁村医周新疆主动承担“汉返”人员的排查，持续奋战24天，劳累过度殉职，村民扼腕称再也接不到他的暖心电话。"	"http://inews.gtimg.com/newsapp_ls/0/11506629765/0"	"安徽宿州"	"男"	"42"	"1"
"35"	"刘文雄"	"50岁镇卫生院医生刘文雄一个月接诊患者超过3千人，去世前一夜仍在接听问诊电话，生前病痛缠身却总说“没事”。"	"http://inews.gtimg.com/newsapp_ls/0/11506622392/0"	"湖北仙桃"	"男"	"50"	"1"
"36"	"魏安君"	"67岁村医魏安君在疫情防控点奋战14个日夜，过度疲劳不幸殉职，儿子接替了他的工作，全村1300多人无一例感染。"	"http://inews.gtimg.com/newsapp_ls/0/11466450993/0"	"湖北襄阳"	"男"	"67"	"1"
"37"	"钟进杏"	"灵峰镇卫生院副院长钟进杏，劳累过度猝死在宿舍，年仅32岁，生前执意将休息时间留给同事称“我年轻，我来”。"	"http://inews.gtimg.com/newsapp_ls/0/11466458583/0"	"广西贺州"	"男"	"32"	"1"
"38"	"童明昌"	"望江县雷池乡卫生院长、主治医师童明昌在医院值班时，突发脑溢血倒在工作岗位上，年仅50岁。"	"http://inews.gtimg.com/newsapp_ls/0/11512629835/0"	"安徽安庆"	"男"	"50"	"1"
"39"	"袁洋洋"	"宝丰县中医院院长助理兼医务科科长袁洋洋，在防疫一线连续奋战39天，突发心脏骤停殉职，年仅36岁。"	"http://inews.gtimg.com/newsapp_ls/0/11466952437/0"	"河南平顶山"	"男"	"36"	"1"
"40"	"林正斌"	"62岁武汉同济医院器官移植副主任医师，感染新冠肺炎离世。他是国内知名专家，本可培养更多新人、挽救更多生命。"	"http://inews.gtimg.com/newsapp_ls/0/11533356447/0"	"湖北武汉"	"男"	"62"	"1"
"41"	"崔靖"	"京山防疫指挥部成员，不顾肾结石连续奋战32天，直到疼得动不了被送进医院，左肾已重度积水，离世时年仅57岁。"	"http://inews.gtimg.com/newsapp_ls/0/11534354567/0"	"湖北荆门"	"男"	"57"	"1"
"42"	"韩钦"	"贵州玉溪镇村医韩钦，生日当天在走访排查的路上发生交通意外，经抢救无效殉职，年仅27岁。"	"http://inews.gtimg.com/newsapp_ls/0/11466969780/0"	"贵州遵义"	"男"	"27"	"1"
"43"	"邱飚"	"硚口区古田街社区卫生服务中心副主任邱飚，在工作中感染新冠肺炎不幸去世，终年51岁。"	"http://inews.gtimg.com/newsapp_ls/0/11466970119/0"	"湖北武汉"	"男"	"51"	"1"
"44"	"张勇"	"西和县洛峪镇喜集卫生院院长张勇，连续工作40多天，脑干大面积出血，倒在抗疫一线，年仅49岁。"	"http://inews.gtimg.com/newsapp_ls/0/11466973265/0"	"甘肃陇南"	"男"	"40"	"1"
"45"	"龚喊伦"	"云南德宏女医生龚喊伦连续30多天奋战在抗疫一线，因劳累过度在乡卫生院去世，年仅32岁。"	"http://inews.gtimg.com/newsapp_ls/0/11533094066/0"	"云南德宏"	"女"	"32"	"1"
"46"	"左腊珍"	"湖北孝感村医左腊珍坚守防疫一线，带病连续奋战12天，不幸殉职，终年59岁。"	"http://inews.gtimg.com/newsapp_ls/0/11485553075/0"	"湖北孝感"	"女"	"59"	"1"
"47"	"丘远军"	"广州市正骨医院医生丘远军，抗疫期间坚守岗位不幸殉职，年仅40岁，家人完成了他的遗愿捐献器官挽救了8人。"	"http://inews.gtimg.com/newsapp_ls/0/11485556389/0"	"广东广州"	"男"	"40"	"1"
"48"	"姚留记"	"平顶山郏县冢头镇北街村卫生室医生姚留记在防控卡点值班时突然晕倒，后经抢救无效去世，享年68岁。"	"http://inews.gtimg.com/newsapp_ls/0/11485576177/0"	"河南平顶山"	"男"	"68"	"1"
"49"	"朱和平"	"67岁武汉市中心医院眼科副主任，系退休返聘，因感染新冠肺炎殉职，是与李文亮同科室的第三名去世医生。"	"http://inews.gtimg.com/newsapp_ls/0/11485578435/0"	"湖北武汉"	"男"	"67"	"1"
"50"	"陈祥田"	"萍乡乡村医生陈祥田因过度劳累诱发疾病被紧急送医，救治无效去世，年仅36岁。"	"http://inews.gtimg.com/newsapp_ls/0/11485579648/0"	"江西萍乡"	"男"	"36"	"1"
"51"	"董天"	"29岁麻醉医生董天连续工作35天后，突发脑血管意外不幸逝世，他是家中独子，放弃春节陪伴父母主动请战。"	"http://inews.gtimg.com/newsapp_ls/0/11498860173/0"	"湖北枝江"	"男"	"29"	"1"
"52"	"王烁"	"广东支援湖北荆州医疗队员王烁，在走访社区疫情防控工作时被一辆面包车撞倒，不幸因公殉职，年仅36岁。"	"http://inews.gtimg.com/newsapp_ls/0/11485590688/0"	"湖北荆州"	"男"	"36"	"1"
"53"	"张军浩"	"黄冈市疾控中心干部张军浩，连续奋战16天后突发心梗去世，终年57岁。生前下社区常说“情愿多跑，也要把情况摸透”。"	"http://inews.gtimg.com/newsapp_ls/0/11534361909/0"	"湖北黄冈"	"男"	"57"	"1"
"54"	"吴涌"	"武汉市硚口区公安分局社区民警，在抗疫一线连续奋战61天，身体不适休息却再没醒来，年仅51岁，被评定为烈士。"	"http://inews.gtimg.com/newsapp_ls/0/11534608543/0"	"湖北武汉"	"男"	"51"	"2"
"55"	"崔嵬"	"临沂市公安局治安支队民警崔嵬，在抗疫一线连续工作过度劳累，突发心肌梗塞，抢救无效去世，年仅49岁。"	"http://inews.gtimg.com/newsapp_ls/0/11485618745/0"	"山东临沂"	"男"	"49"	"2"
"56"	"李弦"	"泰安市公安局泰山分局网警、中队指导员，加班时突发脑溢血，抢救无效去世，年仅37岁。"	"http://inews.gtimg.com/newsapp_ls/0/11485622877/0"	"山东泰安"	"男"	"37"	"2"
"57"	"苏莱曼·巴马丁"	"乌恰县公安局阿克检查站副站长苏莱曼·巴马丁，连续工作38小时后突发心肌梗塞，不幸殉职，年仅36岁。"	"http://inews.gtimg.com/newsapp_ls/0/11485624265/0"	"新疆克孜勒苏"	"男"	"36"	"2"
"58"	"张新忠"	"菏泽市东明县看守所所长张新忠，在去县局开战疫会议的路上突发心脏病去世，终年56岁。"	"http://inews.gtimg.com/newsapp_ls/0/11485626470/0"	"山东菏泽"	"男"	"56"	"2"
"59"	"何建华"	"突泉县公安局育文派出所三级警长何建华，在工作岗位上突发脑出血，抢救无效去世，享年52岁。"	"http://inews.gtimg.com/newsapp_ls/0/11485628497/0"	"内蒙古兴安盟"	"男"	"52"	"2"
"60"	"曾文聪"	"英德市桥头镇派出所辅警曾文聪，正要赶往疫情防控一线，却突然晕倒在地上，再也没有起来，年仅26岁。"	"http://inews.gtimg.com/newsapp_ls/0/11485632108/0"	"广东清远"	"男"	"26"	"2"
"61"	"胡锋"	"枞阳县公安局29岁辅警胡锋，在疫情防控点遭遇交通事故殉职。当天曾因要防疫执勤，给母亲发消息让取消相亲。"	"http://inews.gtimg.com/newsapp_ls/0/11486061151/0"	"安徽铜陵"	"男"	"29"	"2"
"62"	"刘大庆"	"吉林铁路公安处北车站派出所民警，突发脑溢血殉职，年仅58岁。牺牲前曾感身体不适，看医生后又坚持上岗。"	"http://inews.gtimg.com/newsapp_ls/0/11486066138/0"	"吉林吉林"	"男"	"58"	"2"
"63"	"尹祖川"	"长江航运公安局宜昌分局治安管理支队长尹祖川，工作中突发心肌梗塞，抢救无效去世，年仅47岁。"	"http://inews.gtimg.com/newsapp_ls/0/11486069073/0"	"湖北宜昌"	"男"	"47"	"2"
"64"	"林木永"	"55岁汕头市金平分局石炮台派出所辅警，在汽车客运中心卡口连续执勤11小时，下班回家后昏迷，抢救无效牺牲。"	"http://inews.gtimg.com/newsapp_ls/0/11486143125/0"	"广东汕头"	"男"	"55"	"2"
"65"	"程建阳"	"平顶山45岁民警程建阳在防疫一线不分昼夜连续工作三天后，突发脑溢血牺牲，留下2个年幼的孩子。"	"http://inews.gtimg.com/newsapp_ls/0/11486147965/0"	"河南平顶山"	"男"	"45"	"2"
"66"	"王调兵"	"邵东市公安局辅警，在防疫一线连续工作8天后，突发急性心源性猝死，经抢救无效离世，年仅32岁。"	"http://inews.gtimg.com/newsapp_ls/0/11486151391/0"	"湖南邵阳"	"男"	"32"	"2"
"67"	"张志民"	"大同市红石塄派出所教导员，在防疫检查站连续工作3日后，在回家途中不幸坠入悬崖牺牲，终年53岁。"	"http://inews.gtimg.com/newsapp_ls/0/11486157906/0"	"山西大同"	"男"	"53"	"2"
"68"	"郑勇"	"南漳县公安局交警大队民警郑勇，除夕夜倒在防疫执勤一线，因急性肝衰竭离世，年仅41岁。"	"http://inews.gtimg.com/newsapp_ls/0/11486162432/0"	"湖北襄阳"	"男"	"41"	"2"
"69"	"王爱兰"	"年仅37岁的潜江市公安局女辅警王爱兰，在赶赴防疫卡口途中遭遇交通事故，抢救无效去世。"	"http://inews.gtimg.com/newsapp_ls/0/11486164733/0"	"湖北潜江"	"女"	"37"	"2"
"70"	"王春天"	"齐齐哈尔市公安局铁锋分局新工地派出所副所长王春天，突发心脏病殉职，年仅32岁，孩子才16个月。"	"http://inews.gtimg.com/newsapp_ls/0/11486167097/0"	"黑龙江齐齐哈尔"	"男"	"32"	"2"
"71"	"田计强"	"沁水县公安局辅警田计强连续奋战在防疫一线，突发脑出血，抢救无效不幸去世，年仅49岁。"	"http://inews.gtimg.com/newsapp_ls/0/11486174418/0"	"山西晋城"	"男"	"49"	"2"
"72"	"司元羽"	"徐州47岁民警司元羽因突发心脏病，倒在抗疫一线，生前手写请战书请求上一线，连续奋战16天。"	"http://inews.gtimg.com/newsapp_ls/0/11486176490/0"	"江苏徐州"	"男"	"47"	"2"
"73"	"袁剑雄"	"南京市公安局高淳分局淳溪派出所34岁辅警袁剑雄，主动取消休假在防疫一线奋战18个日夜，突发心肌梗死去世。"	"http://inews.gtimg.com/newsapp_ls/0/11486179175/0"	"江苏南京"	"男"	"34"	"2"
"74"	"潘继明"	"重庆市公安局沙坪坝区分局丰文派出所民警潘继明，在防疫工作中突发心脏病，不幸牺牲，年仅51岁。"	"http://inews.gtimg.com/newsapp_ls/0/11486181798/0"	"重庆"	"男"	"51"	"2"
"75"	"马永"	"伊宁市公安局辅警马永，坚守岗位20余天，主动为战友顶班十几次，因脑出血不幸殉职，两天后就是25岁生日。"	"http://inews.gtimg.com/newsapp_ls/0/11486183727/0"	"新疆伊犁"	"男"	"24"	"2"
"76"	"艾东"	"北京市公安局法制总队信访支队民警艾冬，因急性脑出血倒在防疫一线，年仅45岁，系董存瑞外甥。"	"http://inews.gtimg.com/newsapp_ls/0/11486188777/0"	"北京"	"男"	"45"	"2"
"77"	"乔锦仁"	"西安公安灞桥分局国保大队民警乔锦仁，坚守抗疫一线，突发心源性猝死殉职，终年57岁。"	"http://inews.gtimg.com/newsapp_ls/0/11486192572/0"	"陕西西安"	"男"	"57"	"2"
"78"	"赵富恒"	"来宾民警赵富恒，凌晨结束隔离点执勤回到家中突感不适，送医抢救无效逝世，终年55岁。"	"http://inews.gtimg.com/newsapp_ls/0/11486195414/0"	"广西来宾"	"男"	"55"	"2"
"79"	"董锐"	"岳阳市公安局警令部民警、市局新冠肺炎防疫指挥部综合组成员董锐，工作时突发心脏病去世，年仅44岁。"	"http://inews.gtimg.com/newsapp_ls/0/11486199276/0"	"湖南岳阳"	"男"	"44"	"2"
"80"	"李晓欢"	"根河市公安局阿龙山镇派出所辅警李晓欢，在集中隔离点值班时，肝脏破裂不幸去世，生命永远定格在了38岁。"	"http://inews.gtimg.com/newsapp_ls/0/11486201908/0"	"内蒙古呼伦贝尔"	"男"	"38"	"2"
"81"	"覃碧"	"宜州监狱警察覃碧在连续工作15天后，在执行集中隔离备勤任务时突发疾病，以身殉职，年仅46岁。"	"http://inews.gtimg.com/newsapp_ls/0/11486206835/0"	"广西河池"	"男"	"46"	"2"
"82"	"刘静宜"	"青海西宁民警刘静宜，在抗疫一线突发脑溢血，抢救无效不幸离世，年仅46岁。 ​​​"	"http://inews.gtimg.com/newsapp_ls/0/11486433704/0"	"青海西宁"	"女"	"46"	"2"
"83"	"李景春"	"周口市公安局治安和出入境管理支队54岁民警李景春，在实地督导疫情防控工作时，突发心脏病去世。"	"http://inews.gtimg.com/newsapp_ls/0/11486433869/0"	"河南周口"	"男"	"54"	"2"
"84"	"位洪明"	"苏州民警位洪明突发心脏病在战疫岗位上牺牲，年仅35岁，倒下前1秒还在办案，留下妻子和两个女儿。"	"http://inews.gtimg.com/newsapp_ls/0/11486312697/0"	"江苏苏州"	"男"	"35"	"2"
"85"	"王志伟"	"尚志市公安局国内安全保卫大队52岁二级警长王志伟，连续坚守岗位21天，倒在疫情防控卡点。"	"http://inews.gtimg.com/newsapp_ls/0/11486312467/0"	"黑龙江哈尔滨"	"男"	"52"	"2"
"86"	"于占海"	"克山县看守所59岁民警于占海，在执行值班任务时，突然面色苍白、呼吸困难，经抢救无效去世。"	"http://inews.gtimg.com/newsapp_ls/0/11486312305/0"	"黑龙江齐齐哈尔"	"男"	"59"	"2"
"87"	"吴晋华"	"漠河市看守所54岁副所长吴晋华，被同事们称为“老黄牛”，防疫期间连续16天值班后，突发脑梗去世。"	"http://inews.gtimg.com/newsapp_ls/0/11486312118/0"	"黑龙江漠河"	"男"	"54"	"2"
"88"	"樊树锋"	"郑州市公安局东风路分局社区民警樊树锋，过度劳累在防疫一线殉职，年仅39岁，最后心愿是捐献器官。"	"http://inews.gtimg.com/newsapp_ls/0/11486311836/0"	"河南郑州"	"男"	"39"	"2"
"89"	"张建宾"	"荣成市公安局交警大队六中队59岁民警张建宾，在检查站执行疫情防控检查任务时遭遇交通事故去世。"	"http://inews.gtimg.com/newsapp_ls/0/11486311598/0"	"山东威海"	"男"	"59"	"2"
"90"	"段玉华"	"合肥市看守所综合大队59岁民警段玉华，坚守防疫值勤岗位十几天，倒在了办公室，本应3个月后退休。"	"http://inews.gtimg.com/newsapp_ls/0/11486311430/0"	"安徽合肥"	"男"	"59"	"2"
"91"	"敖勤礼"	"昆明寻甸辅警敖勤礼在结束疫情防控卡点的夜班值守后，突发疾病去世，已连续工作22天，年仅47岁。"	"http://inews.gtimg.com/newsapp_ls/0/11486435090/0"	"云南昆明"	"男"	"47"	"2"
"92"	"张瑞祥"	"忻州偏关县公安局民爆大队大队长张瑞祥，在前往高速路疫情防控检查站执勤途中发生车祸，因公殉职。"	"http://inews.gtimg.com/newsapp_ls/0/11486435213/0"	"山西沂州"	"男"	"52"	"2"
"93"	"李建生"	"三门峡看守所看守大队大队长李建生，在抗疫一线值班期间，突发脑溢血牺牲，终年56岁。"	"http://inews.gtimg.com/newsapp_ls/0/11486435375/0"	"河南三门峡"	"男"	"56"	"2"
"94"	"时席席"	"连续十几天奋战在一线的徐州辅警时席席，在大队宿舍突发疾病去世年仅30岁，辅警父亲戴上他的警帽“接班”。"	"http://inews.gtimg.com/newsapp_ls/0/11486435497/0"	"江苏徐州"	"男"	"30"	"2"
"95"	"焦传文"	"河南民权县看守所民警焦传文，连续奋战10余天，突发心脏病，抢救无效不幸牺牲，年仅46岁。"	"http://inews.gtimg.com/newsapp_ls/0/11486435658/0"	"河南商丘"	"男"	"46"	"2"
"96"	"张诗铭"	"玉林市公安局辅警张诗铭，凌晨2时许在执勤过程中不幸猝死，年仅36岁，已连续日夜奋战了20多天。"	"http://inews.gtimg.com/newsapp_ls/0/11486435887/0"	"广西玉林"	"男"	"36"	"2"
"97"	"王瑞峰"	"安阳县公安局辅警王瑞峰，在疫情防控一线因交通事故殉职，年仅43岁。"	"http://inews.gtimg.com/newsapp_ls/0/11486435965/0"	"河南安阳"	"男"	"43"	"2"
"98"	"潘志清"	"武汉市公安局江汉分局常青街派出所二级警长潘志清，坚守防疫一线，不幸感染新冠肺炎殉职，年仅55岁。"	"http://inews.gtimg.com/newsapp_ls/0/11471392972/0"	"湖北武汉"	"男"	"55"	"2"
"99"	"张珲"	"四川邑州监狱内卫队民警张珲，防疫期间连续值班17天，突发心源性疾病不幸去世，年仅49岁。"	"http://inews.gtimg.com/newsapp_ls/0/11486436713/0"	"四川成都"	"男"	"49"	"2"
"100"	"莫合买提·艾坦木"	"乌鲁木齐辅警莫合买提·艾坦木坚守抗疫一线20天，身体严重透支不幸殉职，年仅44岁。"	"http://inews.gtimg.com/newsapp_ls/0/11486436838/0"	"新疆乌鲁木齐"	"男"	"44"	"2"
"101"	"王红继"	"重庆铁路公安处石柱车站派出所三级警长王红继，坚守防疫岗位三十余天没有回家，不幸殉职，终年56岁。"	"http://inews.gtimg.com/newsapp_ls/0/11486646289/0"	"重庆"	"男"	"56"	"2"
"102"	"刘润庆"	"兰州市第一看守所管教四队队长刘润庆，在监所防疫岗位上，突发心源性猝死，年仅49岁，已连续值班20多天。"	"http://inews.gtimg.com/newsapp_ls/0/11486646408/0"	"甘肃兰州"	"男"	"49"	"2"
"103"	"刘杰"	"东莞石碣公安分局辅警铁骑刘杰，在防疫执勤途中为避让车辆不幸撞上石墩，抢救无效去世，年仅23岁。"	"http://inews.gtimg.com/newsapp_ls/0/11486646520/0"	"广东东莞"	"男"	"23"	"2"
"104"	"周明广"	"七台河市公安局茄子河分局宏伟派出所辅警周明广，在防疫任务返程途中因交通事故殉职，年仅32岁。"	"http://inews.gtimg.com/newsapp_ls/0/11486646678/0"	"黑龙江七台河"	"男"	"32"	"2"
"105"	"孟宪龙"	"辽宁阜蒙县公安局大五家子派出所二级警长孟宪龙，抗疫期间突发心脏病倒在工作岗位上，原本即将迎来57岁生日。"	"http://inews.gtimg.com/newsapp_ls/0/11486646892/0"	"辽宁阜新"	"男"	"56"	"2"
"106"	"李剑"	"曹妃甸区公安局临港治安分局化学园派出所41岁民警李剑，在赴企业进行疫情核查的路上，遭遇车祸不幸殉职。"	"http://inews.gtimg.com/newsapp_ls/0/11486647129/0"	"河北唐山"	"男"	"41"	"2"
"107"	"黄玉怀"	"46岁辅警黄玉怀脑干出血经抢救无效不幸去世，倒下前还坚守在一线，曾写下请战书，主动要求加夜班。"	"http://inews.gtimg.com/newsapp_ls/0/11486647477/0"	"江苏宿迁"	"男"	"46"	"2"
"108"	"曾海畴"	"东莞厚街分局三屯社区56岁辅警曾海畴，在开展执勤任务及防疫宣传播放工作时突然晕倒，不幸因公殉职。"	"http://inews.gtimg.com/newsapp_ls/0/11486647778/0"	"广东东莞"	"男"	"56"	"2"
"109"	"谢帅业"	"广南县公安民警谢帅业在疫情防控工作中，因身体不适送医，经抢救无效因公殉职，年仅36岁。"	"http://inews.gtimg.com/newsapp_ls/0/11486648044/0"	"云南文山"	"男"	"36"	"2"
"110"	"徐跃进"	"武汉市东西湖区51岁物业保安队长徐跃进，在执勤岗位上突发脑溢血身亡，曾主动要求上岗。"	"http://inews.gtimg.com/newsapp_ls/0/11486648354/0"	"湖北武汉"	"男"	"51"	"5"
"111"	"王明涛"	"焦作市公安局阳城派出所一级警长王明涛，防疫值班期间突发疾病，不幸因公殉职，年仅57岁。"	"http://inews.gtimg.com/newsapp_ls/0/11471443220/0"	"河南焦作"	"男"	"57"	"2"
"112"	"罗超"	"新疆兵团第一师阿拉尔市城区公安局交特巡警大队辅警罗超，四川人，倒在防疫一线，两周后是他28岁生日。"	"http://inews.gtimg.com/newsapp_ls/0/11486717848/0"	"新疆兵团"	"男"	"27"	"2"
"113"	"李正国"	"河池司法局干警李正国主动请缨上战疫一线，突发脑溢血，送医抢救无效去世，终年59岁。"	"http://inews.gtimg.com/newsapp_ls/0/11486718239/0"	"广西河池"	"男"	"59"	"2"
"114"	"杨扎巴"	"康定民警杨扎巴积劳成疾突发疾病，抢救无效不幸殉职，年仅49岁，“我要回去和战友们一道战疫”是最后遗言。"	"http://inews.gtimg.com/newsapp_ls/0/11486718540/0"	"四川康定"	"男"	"49"	"2"
"115"	"徐昊"	"27岁南京市公安局网络政务民警徐昊，疫情期间坚守微警务后台运维工作，凌晨突发疾病不幸去世。"	"http://inews.gtimg.com/newsapp_ls/0/11486720126/0"	"江苏南京"	"男"	"27"	"2"
"116"	"田计强"	"沁水县公安局龙港中心派出所辅警，因突发脑溢血晕倒在抗疫一线，经六个日夜全力抢救不幸逝世，终年49岁。"	"http://inews.gtimg.com/newsapp_ls/0/11486718853/0"	"山西晋城"	"男"	"49"	"2"
"117"	"汪勇"	"天门交警汪勇坚守防疫卡口，值班时突感不适依然坚持直到下班，当晚突发脑淤血去世，年仅49岁。"	"http://inews.gtimg.com/newsapp_ls/0/11486721463/0"	"湖北天门"	"男"	"49"	"2"
"118"	"刘稳"	"44岁沙井派出所所长刘稳，因突发肺栓塞牺牲，生前坚持工作直至确诊肺癌，昏迷输液清醒后仍挂念回派出所。"	"http://inews.gtimg.com/newsapp_ls/0/11486721976/0"	"江西南昌"	"男"	"44"	"2"
"119"	"王益民"	"杭州市公安局民警王益民在抗疫期间突发身体不适，不幸殉职，年仅38岁。留下一儿一女，原本秋天他该搬新家了。"	"http://inews.gtimg.com/newsapp_ls/0/11486722400/0"	"浙江杭州"	"男"	"38"	"2"
"120"	"张辉"	"湖南省卫生计生综合监督局党委书记、局长张辉因劳累过度，突发心梗抢救无效去世，年仅56岁。"	"http://inews.gtimg.com/newsapp_ls/0/11486722788/0"	"湖南长沙"	"男"	"56"	"3"
"121"	"孙士贞"	"临沂村支书孙士贞因连续奋战、劳累过度去世，终年59岁，生前最后影像是通过大喇叭向村民宣传防疫要求。"	"http://inews.gtimg.com/newsapp_ls/0/11533326960/0"	"山东临沂"	"男"	"59"	"3"
"122"	"杨俊志"	"56岁南阳淅川县应急管理局副局长杨俊志，因连续熬夜诱发心脏猝死，倒在去医院的途中。"	"http://inews.gtimg.com/newsapp_ls/0/11486746476/0"	"河南南阳"	"男"	"56"	"3"
"123"	"郭冬生"	"赣州溪背村委会主任郭冬生深夜摸排返乡人员时，突发心肌梗塞，经抢救无效殉职，终年60岁。"	"http://inews.gtimg.com/newsapp_ls/0/11486746774/0"	"江西赣州"	"男"	"60"	"3"
"124"	"王德恩"	"民权县第一初级中学驻王桥镇郝庄村第一书记王德恩，入村开展防疫工作途中遭遇车祸不幸去世，终年51岁。"	"http://inews.gtimg.com/newsapp_ls/0/11486746931/0"	"河南商丘"	"男"	"61"	"3"
"125"	"郑凯"	"荥阳45岁基层司法所干部郑凯，赴防疫站换班途中遭遇车祸，不幸牺牲。"	"http://inews.gtimg.com/newsapp_ls/0/11486747106/0"	"河南郑州"	"男"	"45"	"3"
"126"	"于正洲"	"淄博干部于正洲，在收费站外广场检查工作时突感身体不适，不幸殉职，年仅48岁，离世前一小时还在部署工作。"	"http://inews.gtimg.com/newsapp_ls/0/11534612650/0"	"山东淄博"	"男"	"48"	"3"
"127"	"李皓"	"菏泽东明县沙窝镇正科级主任科员李皓，因脑干出血，倒在抗疫一线，年仅50岁。"	"http://inews.gtimg.com/newsapp_ls/0/11486747383/0"	"山东菏泽"	"男"	"50"	"3"
"128"	"马承武"	"荆州石首市村干部马承武，在流动人员劝导卡口执勤时，突发心肌梗塞，抢救无效去世，年仅54岁。"	"http://inews.gtimg.com/newsapp_ls/0/11486747667/0"	"湖北荆州"	"男"	"54"	"3"
"129"	"司马义·依沙克"	"乌恰村干部司马义·依沙克在防疫宣传途中，所骑的马儿受惊将他摔倒在地，医治无效去世，年仅41岁。"	"http://inews.gtimg.com/newsapp_ls/0/11486747852/0"	"新疆乌恰"	"男"	"41"	"3"
"130"	"黄汉明"	"孝感安陆市烟店镇水寨村党支书黄汉明，换岗回家后身体不适，抢救无效去世，终年57岁。"	"http://inews.gtimg.com/newsapp_ls/0/11486748039/0"	"湖北孝感"	"男"	"57"	"3"
"131"	"杨志铭"	"大理洱源县村干部杨志铭，在防疫一线工作中突感不适，因心力衰竭抢救无效去世，年仅40岁。"	"http://inews.gtimg.com/newsapp_ls/0/11473257954/0"	"云南大理"	"男"	"40"	"3"
"132"	"王宗权"	"武威村干部王宗权，在流动人员卡口执勤点突发急性心肌梗塞，抢救无效去世，终年62岁。"	"http://inews.gtimg.com/newsapp_ls/0/11486787839/0"	"甘肃武威"	"男"	"62"	"3"
"133"	"黄和艳"	"贵定县驻村干部黄和艳在疫情防控一线突发脑溢血，经抢救无效，不幸去世，年仅42岁。"	"http://inews.gtimg.com/newsapp_ls/0/11486788023/0"	"贵州黔南"	"女"	"42"	"3"
"134"	"杨双宝"	"大同灵丘县王村铺村71岁党支部书记杨双宝，在村口防疫卡点值守期间，因过度劳累突发心脏病去世。"	"http://inews.gtimg.com/newsapp_ls/0/11534613676/0"	"山西大同"	"男"	"71"	"3"
"135"	"张理南"	"大理银桥镇鹤阳村57岁党总支委员、村委会副主任张理南，查岗返家途中突发心肌梗塞，不幸去世。"	"http://inews.gtimg.com/newsapp_ls/0/11486788547/0"	"云南大理"	"男"	"57"	"3"
"136"	"郑少华"	"眉山高家镇英头村党支部书记郑少华，连续13个昼夜奋战在抗疫一线，劳累过度引发大面积脑出血殉职，年仅48岁。"	"http://inews.gtimg.com/newsapp_ls/0/11534614789/0"	"四川眉山"	"男"	"48"	"3"
"137"	"陈在华"	"淮南大通区城管局大通街道中队副中队长陈在华，不顾家人劝阻，身体不适仍坚持巡查，突发心梗去世，年仅48岁。"	"http://inews.gtimg.com/newsapp_ls/0/11486788895/0"	"安徽淮南"	"男"	"48"	"3"
"138"	"孙训祥"	"安庆太湖县徐桥镇前进村56岁党总支副书记孙训祥，在防疫一线连轴转工作十天后，因过度劳累去世，终年56岁。"	"http://inews.gtimg.com/newsapp_ls/0/11486789143/0"	"安徽安庆"	"男"	"56"	"3"
"139"	"姜娜"	"松原长岭县前七号镇40岁党委副书记、妇联主席姜娜，在检查疫情防控工作、发放药品途中遭遇车祸，不幸去世。"	"http://inews.gtimg.com/newsapp_ls/0/11486789350/0"	"吉林松原"	"女"	"40"	"3"
"140"	"金虎"	"南阳市宛城区汉冶街道党政办主任金虎，深夜防疫值班后，劳累过度在办公室去世，年仅45岁。"	"http://inews.gtimg.com/newsapp_ls/0/11486789573/0"	"河南南阳"	"男"	"45"	"3"
"141"	"薛国杰"	"保定清苑区委党校53岁副校长薛国杰，执勤回家后突发心源性猝死，曾称“休息一会儿我还得去值班”。"	"http://inews.gtimg.com/newsapp_ls/0/11534616414/0"	"河北保定"	"男"	"53"	"3"
"142"	"吴光现"	"濮阳台前县48岁村干部吴光现，连续12天与疫情防控赛跑，劳累过度突发急性心肌梗塞去世。"	"http://inews.gtimg.com/newsapp_ls/0/11486817883/0"	"河南濮阳"	"男"	"48"	"3"
"143"	"刘永柏"	"绵阳江油市57岁村支书刘永柏从疫情监测点返回办公室时，突发脑溢血去世，此前连续奋战在抗疫一线。"	"http://inews.gtimg.com/newsapp_ls/0/11486818058/0"	"四川绵阳"	"男"	"57"	"3"
"144"	"李志柱"	"宜章县桐木湾61岁村支书李志柱，主动请缨投入防疫一线，长期疲劳工作突发肾动脉血管瘤去世。"	"http://inews.gtimg.com/newsapp_ls/0/11534616798/0"	"湖南郴州"	"男"	"61"	"3"
"149"	"施咏康"	"合肥包河区委常委、组织部部长、统战部部长施咏康，突发心肌梗塞殉职在疫情防控一线，年仅47岁。"	"http://inews.gtimg.com/newsapp_ls/0/11486819137/0"	"安徽合肥"	"男"	"47"	"3"
"150"	"李泽富"	"宜宾市叙州区南广镇五一村副主任李泽富，在防疫一线连续值守13个昼夜，积劳成疾去世，年仅50岁。"	"http://inews.gtimg.com/newsapp_ls/0/11534618177/0"	"四川宜宾"	"男"	"50"	"3"
"151"	"徐世国"	"茂名茂南区羊角镇竹营村干部徐世国，突发脑梗去世，年仅48岁，最后时刻仍反复念叨要回一线上班。"	"http://inews.gtimg.com/newsapp_ls/0/11486820000/0"	"广东茂名"	"男"	"48"	"3"
"152"	"王永田"	"涿州松林店镇苍牛屯村村委会61岁委员、治保主任王永田，疫情防控值勤任务中，突发心脏病去世。"	"http://inews.gtimg.com/newsapp_ls/0/11486820318/0"	"河北涿州"	"男"	"61"	"3"
"153"	"龙灿德"	"62岁盘溪镇小龙潭村务监督委员会主任龙灿德，在防疫一线殉职，生前最后留言是“在值班，有事电话联系”。"	"http://inews.gtimg.com/newsapp_ls/0/11486820799/0"	"云南玉溪"	"男"	"62"	"3"
"154"	"秦红"	"宝龙山镇西宝龙山嘎查党支部书记秦红，献身防疫工作，倒在距村部300米的小路上，年仅48岁。"	"http://inews.gtimg.com/newsapp_ls/0/11486821184/0"	"内蒙古通辽"	"男"	"48"	"3"
"155"	"宋青山"	"秭归村支书宋青山在给村民送物资的山路上，遭遇车祸牺牲，年仅40岁，小女儿刚出生50多天。"	"http://inews.gtimg.com/newsapp_ls/0/11534619450/0"	"湖北宜昌"	"男"	"40"	"3"
"156"	"杨荣"	"江口县纪委监委派驻第三纪检监察组正科级专职纪检监察员杨荣，连续奋战抗疫一线殉职，终年54岁。"	"http://inews.gtimg.com/newsapp_ls/0/11486849341/0"	"贵州铜仁"	"男"	"54"	"3"
"157"	"李耀洪"	"黎家塘村第七经济社党支部64岁书记李耀洪，“年龄最长却冲在最前”，在防疫一线奋战12天后殉职。"	"http://inews.gtimg.com/newsapp_ls/0/11486851366/0"	"广东广州"	"男"	"64"	"3"
"158"	"林逢春"	"陇西县文峰镇代坪村党支部书记兼村委会主任林逢春，在防疫监测点值守时遭遇车祸殉职，年仅46岁。"	"http://inews.gtimg.com/newsapp_ls/0/11473309670/0"	"甘肃定西"	"男"	"46"	"3"
"159"	"张稳利"	"查新村监委会60岁委员张稳利，在防疫一线连续战斗24天，因突发急性心梗不幸去世，享年60岁。"	"http://inews.gtimg.com/newsapp_ls/0/11534619728/0"	"陕西西安"	"男"	"60"	"3"
"160"	"张洪江"	"涞水县沈家台村党支部51岁副书记张洪江，连续在防疫一线值守，因过度劳累诱发脑溢血去世。"	"http://inews.gtimg.com/newsapp_ls/0/11534619921/0"	"河北保定"	"男"	"51"	"3"
"161"	"韦忠宝"	"合山市河里镇河里村村委主任韦忠宝，身患癌症倒在防疫一线，终年52岁，遗愿是陪妻儿看青藏高原。"	"http://inews.gtimg.com/newsapp_ls/0/11486853201/0"	"广西来宾"	"男"	"52"	"3"
"162"	"夏加"	"甘孜县来马镇雅支村村委会主任夏加，在疫情防控监测点值班值守期间，突发脑出血殉职，终年55岁。"	"http://inews.gtimg.com/newsapp_ls/0/11486853367/0"	"四川甘孜"	"男"	"55"	"3"
"163"	"阿扎"	"巴塘县党巴乡党巴村卡贡小组长阿扎，坚守群防群控值守点，倒在防疫一线，终年60岁。"	"http://inews.gtimg.com/newsapp_ls/0/11486853527/0"	"四川甘孜"	"男"	"60"	"3"
"164"	"邵维明"	"腾冲猴桥镇上街社区村民委员会主任邵维明，防疫一线奋战27天，因急性胰腺炎去世，终年52岁。"	"http://inews.gtimg.com/newsapp_ls/0/11486853665/0"	"云南保山"	"男"	"52"	"3"
"165"	"张正光"	"寻甸县鸡街镇黑山村委会农科员、计生宣传员张正光，带病坚守岗位，倒在防疫一线，年仅48岁。"	"http://inews.gtimg.com/newsapp_ls/0/11534622801/0"	"云南昆明"	"男"	"48"	"3"
"166"	"孟凡涛"	"利津县明集乡综治办负责人孟凡涛，腊月二十八以来一直奋战在一线，报送疫情防控信息时突发疾病去世。"	"http://inews.gtimg.com/newsapp_ls/0/11473327502/0"	"山东东营"	"男"	"40"	"3"
"167"	"陈力群"	"高安市灰埠镇党政办副主任陈力群，连续24天奋战在防疫一线，不幸心源性猝死倒在值班床上，年仅54岁。"	"http://inews.gtimg.com/newsapp_ls/0/11486903981/0"	"江西宜春"	"男"	"54"	"3"
"168"	"黄金生"	"屏山57岁村文书黄金生倒在抗疫一线，工作群最后一条消息是通知村民领酒精。"	"http://inews.gtimg.com/newsapp_ls/0/11534623005/0"	"四川宜宾"	"男"	"57"	"3"
"169"	"白胡亲"	"靖边县一村支书白胡亲，连续几天排查400余户近2000人，颅内大面积出血不幸去世，年仅42岁。"	"http://inews.gtimg.com/newsapp_ls/0/11486904623/0"	"陕西榆林"	"男"	"42"	"3"
"170"	"陈桂荣"	"黄冈柏树林村妇女委员陈桂荣，过度劳累引发冠心病倒下，年仅59岁。其子次日接棒戴上袖章，继续战疫。"	"http://inews.gtimg.com/newsapp_ls/0/11534623239/0"	"湖北黄冈"	"女"	"59"	"3"
"171"	"张世林"	"天津新城镇邓善沽村党总支委员张世林，抗疫一线夜班执勤后突发脑溢血离世，还有十多天就是57岁生日。"	"http://inews.gtimg.com/newsapp_ls/0/11486904952/0"	"天津"	"男"	"57"	"3"
"172"	"马东旺"	"濮阳经开区新习镇芦寨村党支部书记马东旺，连续19天奋战抗疫一线，因过度劳累去世，终年58岁。"	"http://inews.gtimg.com/newsapp_ls/0/11486905245/0"	"河南濮阳"	"男"	"58"	"3"
"173"	"李增运"	"河北柏乡县固城店镇城阳村党支部67岁治保主任李增运，系退伍军人，在基层抗疫一线突发疾病去世。"	"http://inews.gtimg.com/newsapp_ls/0/11486905496/0"	"河北邢台"	"男"	"67"	"3"
"174"	"曹永"	"官渡区54岁村干部曹永，喷洒消毒液返回办公室时晕倒，抢救10天后去世，此前连续奋战防疫一线13天。"	"http://inews.gtimg.com/newsapp_ls/0/11486905713/0"	"云南昆明"	"男"	"54"	"3"
"175"	"向洪学"	"怀化辰溪县小龙门乡龙地坨村54岁村秘书向洪学，连日坚守抗疫一线，工作时突感不适送医途中离世。"	"http://inews.gtimg.com/newsapp_ls/0/11486945672/0"	"湖南怀化"	"男"	"54"	"3"
"176"	"平措次仁"	"日喀则市萨迦县吉定镇吉定村党支部副书记平措仁次，在疫情防控巡逻时突感不适离世，年仅38岁。"	"http://inews.gtimg.com/newsapp_ls/0/11486945949/0"	"西藏日喀则"	"男"	"38"	"3"
"177"	"杨忠特"	"马尔康市大藏乡青坪村一组组长杨忠特，在村口疫情防控卡点值守时突感身体不适，随后离世，年仅56岁。"	"http://inews.gtimg.com/newsapp_ls/0/11486946080/0"	"四川阿坝"	"男"	"56"	"3"
"178"	"张远富"	"重庆铜梁西河镇三善村1社社长张远富在疫情防控值守工作中，被货车从身后撞到，抢救无效去世，终年67岁。"	"http://inews.gtimg.com/newsapp_ls/0/11486946442/0"	"重庆"	"男"	"67"	"3"
"179"	"陶飞"	"昭通38岁干部陶飞抗击疫情以来超负荷连续工作16天，致病情加重，牺牲在工作岗位上。"	"http://inews.gtimg.com/newsapp_ls/0/11486946749/0"	"云南昭通"	"男"	"38"	"3"
"180"	"裴小平"	"61岁的天台县村委会主任裴小平，在家中处理疫情防控工作时突发疾病，送医抢救无效离世。"	"http://inews.gtimg.com/newsapp_ls/0/11486947150/0"	"浙江天台"	"男"	"61"	"3"
"181"	"李东海"	"梅州村干部李东海，在疫情防控工作中身体不适，回家后突发脑溢血，经抢救无效去世，年仅47岁。"	"http://inews.gtimg.com/newsapp_ls/0/11486947486/0"	"广东梅州"	"男"	"47"	"3"
"182"	"高义泉"	"明水村文书高义泉在开展返乡人员回头看大排查工作中突发脑溢血，抢救无效去世，年仅54岁。"	"http://inews.gtimg.com/newsapp_ls/0/11486947832/0"	"四川广元"	"男"	"54"	"3"
"183"	"余平波"	"正阳县新阮店乡机关干部余平波，在卡点值班结束后骑电动车回家路上遭遇车祸，不幸身亡，年仅40岁。"	"http://inews.gtimg.com/newsapp_ls/0/11474721895/0"	"河南驻马店"	"男"	"40"	"3"
"184"	"何玉海"	"唐山枣行村干部何玉海因突发心肌梗塞，经抢救无效不幸离世，倒在抗疫一线，终年59岁。"	"http://inews.gtimg.com/newsapp_ls/0/11486948582/0"	"河北唐山"	"男"	"59"	"3"
"185"	"乔胜"	"云南维西县村干部乔胜在卡点执勤时，因劳累过度，突然倒下，不幸离世，时年57岁。"	"http://inews.gtimg.com/newsapp_ls/0/11487345573/0"	"云南迪庆"	"男"	"57"	"3"
"186"	"赵家才"	"德宏基层干部赵家才到村组开展新冠疫情防控巡查工作，返回途中突然昏厥，抢救无效去世，年仅48岁。"	"http://inews.gtimg.com/newsapp_ls/0/11487345829/0"	"云南德宏"	"男"	"48"	"3"
"187"	"周松峰"	"舞阳县侯集镇副镇长周松峰，主动放弃休假投身疫情防控一线，工作中突发心脏病去世，年仅48岁。"	"http://inews.gtimg.com/newsapp_ls/0/11487346446/0"	"河南漯河"	"男"	"48"	"3"
"188"	"杨正亮"	"新疆兵团第六师五家渠市芳草湖农场振兴南路社区党支部书记杨正亮，突发疾病倒在防疫一线，年仅37岁。"	"http://inews.gtimg.com/newsapp_ls/0/11487346605/0"	"新疆"	"男"	"37"	"3"
"189"	"李光剑"	"大理南涧县乐秋乡政府30岁职工李光剑，在防疫一线遭遇车祸去世，妻子仅有5天就将分娩。"	"http://inews.gtimg.com/newsapp_ls/0/11487346776/0"	"云南大理"	"男"	"30"	"3"
"190"	"任国信"	"酒泉肃州区三墩镇二墩堡三组组长任国信，倒在防疫检查卡口值班岗位上，抢救无效去世，年仅56岁。"	"http://inews.gtimg.com/newsapp_ls/0/11474747855/0"	"甘肃酒泉"	"男"	"56"	"3"
"191"	"黄智佳"	"广州海珠区瑞宝街瑞宝经济联合社干部黄智佳在防疫一线殉职，生命定格在51岁，倒下前还惦记着防控工作。"	"http://inews.gtimg.com/newsapp_ls/0/11487347280/0"	"广东广州"	"男"	"51"	"3"
"192"	"单玉厚"	"天津滨海新区应急管理局局长单玉厚，连轴转30天倒在防疫一线，此前参与歌诗达赛琳娜号邮轮检疫调派。"	"http://inews.gtimg.com/newsapp_ls/0/11487347476/0"	"天津"	"男"	"59"	"3"
"193"	"王胜凯"	"西咸新区村干部王胜凯，在工作岗位上连续奋战30天，因突发急性心肌梗死牺牲在抗疫一线，年仅47岁。"	"http://inews.gtimg.com/newsapp_ls/0/11487347724/0"	"陕西西安"	"男"	"47"	"3"
"194"	"饶云星"	"赤壁市公安局赵李桥派出所44岁副所长饶云星，疫情巡逻时遇车祸牺牲，读警校的儿子想替他打完防疫战。"	"http://inews.gtimg.com/newsapp_ls/0/11487347952/0"	"湖北赤壁"	"男"	"44"	"3"
"195"	"张承源"	"贵州铜仁碧江区一扶贫搬迁安置点临时党支部书记张承源，连续工作33天，倒在抗疫一线，年仅35岁。"	"http://inews.gtimg.com/newsapp_ls/0/11487555570/0"	"贵州铜仁"	"男"	"35"	"3"
"196"	"覃自力"	"广西桂平市厚禄乡党委副书记、人大主席覃自力，连续20多天奋战抗疫一线，不幸殉职，年仅44岁。"	"http://inews.gtimg.com/newsapp_ls/0/11487555752/0"	"广西贵港"	"男"	"44"	"3"
"197"	"罗启培"	"沛县敬安镇党委副书记、镇长罗启培，因积劳成疾、突发疾病，不幸殉职在战疫一线，年仅42岁。"	"http://inews.gtimg.com/newsapp_ls/0/11487556094/0"	"江苏徐州"	"男"	"42"	"3"
"198"	"王秀君"	"丹东村支书王秀君坚守抗疫一线牺牲，年仅49岁。倒下前还在撤除卡点，保证路路畅通。"	"http://inews.gtimg.com/newsapp_ls/0/11487556482/0"	"辽宁丹东"	"男"	"49"	"3"
"199"	"雷木成"	"福安基层干部雷木成，殉职在抗疫一线，年仅46岁，去世后家人捐献其器官救助8人。"	"http://inews.gtimg.com/newsapp_ls/0/11488136460/0"	"福建宁德"	"男"	"46"	"3"
"200"	"李家举"	"阜南县马大村卫生室主任李家举，坚守疫情防控宣传点26天，突发心肌梗塞殉职，年仅51岁。"	"http://inews.gtimg.com/newsapp_ls/0/11490744678/0"	"安徽阜阳"	"男"	"51"	"3"
"201"	"宋井前"	"黄冈罗田县白庙河镇付家庙村3组组长宋井前，领取防疫物资途中连人带车摔倒，不幸殉职，终年56岁。"	"http://inews.gtimg.com/newsapp_ls/0/11475240695/0"	"湖北黄冈"	"男"	"56"	"3"
"202"	"李光峰"	"平遥县宁固镇净化村治保主任李光峰，夜以继日奋战抗疫一线，劳累过度殉职，年仅51岁。"	"http://inews.gtimg.com/newsapp_ls/0/11490754715/0"	"山西晋中"	"男"	"51"	"3"
"203"	"戴宏保"	"武冈新凤村56岁村支书戴宏保，在防疫一线殉职。曾劝通儿子儿媳疫情期间取消婚礼，获全村称赞。"	"http://inews.gtimg.com/newsapp_ls/0/11488137990/0"	"湖南邵阳"	"男"	"56"	"3"
"204"	"陈荣侯"	"三明芹阳村65岁党支部书记、村里唯一的村医陈荣侯，倒在防疫一线，昏迷时还念叨着给村里修路。"	"http://inews.gtimg.com/newsapp_ls/0/11488138134/0"	"福建三明"	"男"	"65"	"3"
"205"	"段青山"	"确山县竹沟镇陈楼村59岁治安主任段青山，倒在抗疫一线，曾称“一定守好卡点，不能让病毒进村”。"	"http://inews.gtimg.com/newsapp_ls/0/11490610135/0"	"河南驻马店"	"男"	"59"	"3"
"206"	"姚本云"	"睢县孙聚寨乡一刀刘村村支书姚本云，倒在离村口防疫监测点30米的路上，不幸殉职，终年62岁。"	"http://inews.gtimg.com/newsapp_ls/0/11490610366/0"	"河南商丘"	"男"	"62"	"3"
"207"	"黄康忠"	"雷州市南兴镇45岁副镇长黄康忠，从取消假期赶回防疫一线到殉职，连续奋战26天，没给自己放一天假。"	"http://inews.gtimg.com/newsapp_ls/0/11490634989/0"	"广东湛江"	"男"	"45"	"3"
"208"	"桑华生"	"泸水市古登乡城镇规划中心主任桑华生，在防疫一线奋战多日，倒在工作岗位上，年仅47岁。"	"http://inews.gtimg.com/newsapp_ls/0/11490639922/0"	"云南怒江"	"男"	"47"	"3"
"209"	"赵举祥"	"仁怀市苍龙街道苍头坝社区离任村干部赵举祥，主动投入防疫一线，突发疾病去世，终年68岁。"	"http://inews.gtimg.com/newsapp_ls/0/11490641065/0"	"贵州遵义"	"男"	"68"	"5"
"210"	"王登六"	"榆林绥德县定仙墕镇王新村支部书记王登六，在参与疫情防控工作中突发脑梗死亡，终年66岁。"	"http://inews.gtimg.com/newsapp_ls/0/11490641278/0"	"陕西榆林"	"男"	"66"	"3"
"211"	"江锦林"	"五华县郭田镇湖华村村委委员江锦林，常常半夜到值守点检查，在防疫一线不幸殉职，终年54岁。"	"http://inews.gtimg.com/newsapp_ls/0/11490641620/0"	"广东梅州"	"男"	"54"	"3"
"212"	"贾立军"	"定州西念自疃村党支部副书记贾立军，倒在防疫一线，终年57岁，同事称他“就是干事太拼命”。"	"http://inews.gtimg.com/newsapp_ls/0/11490641859/0"	"河北保定"	"男"	"57"	"3"
"213"	"张绍云"	"石林县西街口镇49岁纪委书记张绍云，身患重病仍坚守防疫一线，去世当天省应急响应级别降为三级。"	"http://inews.gtimg.com/newsapp_ls/0/11490642091/0"	"云南昆明"	"男"	"49"	"3"
"214"	"何学明"	"宁乡一党支部书记何学明连续奋战26天，突发脑溢血离世，年仅46岁。"	"http://inews.gtimg.com/newsapp_ls/0/11490642337/0"	"湖南长沙"	"男"	"46"	"3"
"215"	"曹荣祥"	"济南一村民小组长曹荣祥倒在疫情防控一线，年仅50岁，曾写请战书“宁愿累死，也不吓死”。"	"http://inews.gtimg.com/newsapp_ls/0/11490657324/0"	"山东济南"	"男"	"50"	"3"
"216"	"罗布"	"定日县90后村干部罗布坚守防疫一线，面对沙尘暴极端天气，为抢救集体财产遇意外去世，年仅27岁。"	"http://inews.gtimg.com/newsapp_ls/0/11490657545/0"	"西藏日喀则"	"男"	"27"	"3"
"217"	"孙术祥"	"蓟州区尤古庄镇包村干部孙术祥，大年初三起坚守防疫一线，突发心脏病殉职，终年58岁。"	"http://inews.gtimg.com/newsapp_ls/0/11475369101/0"	"天津"	"男"	"58"	"3"
"218"	"叶秀丰"	"茂名电白区望夫镇望夫村党支部委员叶秀丰，倒在连续奋战41天的防疫工作岗位上，生命定格62岁。"	"http://inews.gtimg.com/newsapp_ls/0/11490658202/0"	"广东茂名"	"男"	"62"	"3"
"219"	"于洋"	"丹东振兴区临江街道党工委委员、武装部长于洋，在防疫一线奋战43天后，不幸殉职，年仅48岁。"	"http://inews.gtimg.com/newsapp_ls/0/11490658490/0"	"辽宁丹东"	"男"	"48"	"3"
"220"	"马俊新"	"河南鹤壁浚县西马庄村51岁村支书马俊新，为本村居家隔离人员领白菜时遇车祸，经10多天抢救不幸殉职。"	"http://inews.gtimg.com/newsapp_ls/0/11533775784/0"	"河南鹤壁"	"男"	"51"	"3"
"221"	"冯卫东"	"孝感安陆市纪委监委干部冯卫东感染新冠肺炎，不幸殉职，年仅48岁，退伍后在市检察院工作21年。"	"http://inews.gtimg.com/newsapp_ls/0/11490659090/0"	"湖北孝感"	"男"	"48"	"3"
"222"	"白心灵"	"呼和浩特市一村支书白心灵坚守防控一线，连续奋战20多天，突发疾病去世，年仅49岁。"	"http://inews.gtimg.com/newsapp_ls/0/11490659406/0"	"内蒙古呼和浩特"	"男"	"49"	"3"
"223"	"周松峰"	"舞阳县侯集镇副镇长周松峰，主动放弃休假投身疫情防控一线，工作中突发心脏病去世，终年48岁。"	"http://inews.gtimg.com/newsapp_ls/0/11490659605/0"	"河南漯河"	"男"	"48"	"3"
"224"	"曹孟"	"南阳市西峡县回车镇副镇长曹孟，连续工作31天，突发脑干出血离世，年仅44岁。"	"http://inews.gtimg.com/newsapp_ls/0/11490659837/0"	"河南南阳"	"男"	"44"	"3"
"225"	"何伟钟"	"大埔村干部何伟钟，春节始终坚守岗位，因心梗倒在抗疫一线，终年58岁，还有两年就退休了。"	"http://inews.gtimg.com/newsapp_ls/0/11490693890/0"	"广东梅州"	"男"	"58"	"3"
"226"	"霍文明"	"滨州高新区青田街道办事处黄河社区党总支书记，连续加班盯靠防疫一线，积劳成疾去世，年仅50岁。"	"http://inews.gtimg.com/newsapp_ls/0/11506569149/0"	"山东滨州"	"男"	"50"	"4"
"227"	"谷林"	"保定易县紫荆关镇玉山铺村民小组57岁成员谷林，防疫一线值勤时突感不适去世，丧事从简当日安葬。"	"http://inews.gtimg.com/newsapp_ls/0/11506569410/0"	"河北保定"	"男"	"57"	"4"
"228"	"姚刚林"	"衢州柯城区石梁镇工作人员姚刚林，坚守防疫一线多日未回家，殉职时仅43岁，妻子还怀有身孕。"	"http://inews.gtimg.com/newsapp_ls/0/11506569627/0"	"浙江衢州"	"男"	"43"	"4"
"229"	"麻保宁"	"52岁西乡塘龙腾社区工作人员麻保宁，系右腿不便残疾人士，防疫期间13天每天工作14小时，不幸去世。"	"http://inews.gtimg.com/newsapp_ls/0/11475410777/0"	"广西南宁"	"男"	"52"	"4"
"230"	"崔志刚"	"朝阳市卫生监督局学校卫生监督科副科长崔志刚，雪天奔赴基层防控一线，遭遇车祸去世，年仅49岁。"	"http://inews.gtimg.com/newsapp_ls/0/11506570202/0"	"辽宁朝阳"	"男"	"49"	"4"
"231"	"张庆华"	"滨州沾化区应急管理局党组副书记张庆华，采购防疫物资返回途中发生交通事故去世，年仅45岁。"	"http://inews.gtimg.com/newsapp_ls/0/11506570363/0"	"山东滨州"	"男"	"45"	"4"
"232"	"赵楠"	"南阳市招商和会展服务中心副主任赵楠，在抗疫一线连续多天高负荷工作，因心脏病去世，年仅42岁。"	"http://inews.gtimg.com/newsapp_ls/0/11506570558/0"	"河南南阳"	"男"	"42"	"4"
"233"	"岳金栋"	"国家电网广平县供电公司57岁副总政工师兼办公室主任岳金栋，在抗疫一线连续16天，不幸因公殉职。"	"http://inews.gtimg.com/newsapp_ls/0/11506570962/0"	"河北邯郸"	"男"	"57"	"4"
"234"	"姜国章"	"武安康东村村民小组66岁组长姜国章，在抗疫一线突发脑溢血去世，他倒下后，儿女们继续坚守一线。"	"http://inews.gtimg.com/newsapp_ls/0/11506571271/0"	"河北邯郸"	"男"	"66"	"4"
"235"	"李德周"	"南阳鸭河工区皇路店焦庄村七组59岁组长李德周，在疫情防控卡点值守夜班后，突发心脏病去世。"	"http://inews.gtimg.com/newsapp_ls/0/11506572544/0"	"河南信阳"	"男"	"59"	"4"
"236"	"艾根立"	"禹州市颍川街道办事处41岁机关干部艾根立，防疫卡点夜间执勤后突发心肌梗死，在简易帐篷里离世。"	"http://inews.gtimg.com/newsapp_ls/0/11506572763/0"	"河南禹州"	"男"	"41"	"4"
"237"	"姚建华"	"张家港市南丰镇城管协管员姚建华，完成防疫检查工作回家后，心脏不适抢救无效去世，年仅51岁。"	"http://inews.gtimg.com/newsapp_ls/0/11506572994/0"	"江苏苏州"	"男"	"51"	"4"
"238"	"李磊"	"43岁郑州航空港实验区郑港办事处社会保障办公室主任李磊，连续抗疫11天后，回家路上遭遇车祸去世。"	"http://inews.gtimg.com/newsapp_ls/0/11506573414/0"	"河南郑州"	"男"	"43"	"4"
"239"	"张成银"	"天津理工大学党委安全工作部部长、保卫处处长张成银，55岁生命定格防疫一线，进抢救室前仍牵挂工作。"	"http://inews.gtimg.com/newsapp_ls/0/11506573752/0"	"天津"	"男"	"55"	"4"
"240"	"罗桂梅"	"湖北大悟县滨河学校42岁校长助理罗桂梅，从抗疫一线执勤回家后去世，生命最后时刻还计划着排班执勤。"	"http://inews.gtimg.com/newsapp_ls/0/11506574089/0"	"湖北孝感"	"女"	"42"	"4"
"241"	"李望厦"	"莆田市人民检察院第四检察部主任李望厦，在参加疫情防控会议时突发心源性猝死，经抢救无效去世，享年59岁。"	"http://inews.gtimg.com/newsapp_ls/0/11506574414/0"	"福建莆田"	"男"	"59"	"4"
"242"	"罗忠"	"河北峰峰矿区运管处工作人员罗忠，连续数日奋战在防疫岗位后，突发脑溢血去世，年仅49岁。"	"http://inews.gtimg.com/newsapp_ls/0/11506574652/0"	"河北邯郸"	"男"	"49"	"4"
"243"	"陈卫明"	"茂名80后“交投运输人”陈卫明，退伍后任化州汽车总站保卫办班长，在抗疫一线奋战21天后去世。"	"http://inews.gtimg.com/newsapp_ls/0/11506574996/0"	"广东茂名"	"男"	"40"	"4"
"244"	"张谦"	"国家统计局池州调查队党组书记、队长张谦，连续17天坚守抗疫一线，突发脑溢血离世，生命定格56岁。"	"http://inews.gtimg.com/newsapp_ls/0/11506578258/0"	"安徽池州"	"男"	"56"	"4"
"245"	"韦长春"	"江干区信访局四级调研员韦长春，因多年积劳成疾且连日坚守抗疫一线，不幸去世，终年57岁。"	"http://inews.gtimg.com/newsapp_ls/0/11506579143/0"	"浙江杭州"	"男"	"57"	"4"
"246"	"董李会"	"荆州城南高新园管委会卫生健康办公室主任董李会，抗疫一线奋战25天后倒在办公桌旁，年仅40岁。"	"http://inews.gtimg.com/newsapp_ls/0/11506579473/0"	"湖北荆州"	"女"	"40"	"4"
"247"	"黄清坤"	"固城供电所所长黄清坤，连续11天战斗在保供电工作一线，年仅43岁的他因劳累过度突发心梗离世。"	"http://inews.gtimg.com/newsapp_ls/0/11506580017/0"	"河南清丰"	"男"	"43"	"4"
"248"	"李谦"	"48岁南关区疾控中心工作人员李谦，牺牲在工作岗位上，原本还有10个月即将退休。"	"http://inews.gtimg.com/newsapp_ls/0/11506580494/0"	"吉林长春"	"男"	"48"	"4"
"249"	"王辉"	"蓟州区司法局东赵各庄司法所53岁所长王辉，从疫情防控一线换岗回家后，突发心梗不幸去世。"	"http://inews.gtimg.com/newsapp_ls/0/11506580821/0"	"天津"	"男"	"53"	"4"
"250"	"张建华"	"旬邑县湫坡头镇卫生院公共卫生科49岁科长张建华，提前结束病假返岗，一线奋战26天后去世。"	"http://inews.gtimg.com/newsapp_ls/0/11506581084/0"	"陕西咸阳"	"男"	"49"	"4"
"251"	"陈申"	"驻马店泌阳县卫生计生监督所职工陈申，主动请战防疫一线，连续工作多日后不幸去世，年仅39岁。"	"http://inews.gtimg.com/newsapp_ls/0/11506581522/0"	"河南驻马店"	"男"	"39"	"4"
"252"	"曹祥木"	"阳新县水产服务中心主任曹祥木，在卡口值勤后突发心梗抢救无效去世，年仅59岁，进医院时仍戴红袖章。"	"http://inews.gtimg.com/newsapp_ls/0/11506581870/0"	"湖北黄石"	"男"	"59"	"4"
"253"	"滕逸鹤"	"包头东河区东站街道办事处一中西路社区党委书记滕逸鹤，连日奋战防疫一线不幸殉职，年仅47岁。"	"http://inews.gtimg.com/newsapp_ls/0/11506582234/0"	"内蒙古包头"	"男"	"47"	"4"
"254"	"熊成伟"	"武汉江岸检察院59岁调研员熊成伟因新冠肺炎去世，疫情爆发期曾第一时间带头下沉社区，妻子也被确诊。"	"http://inews.gtimg.com/newsapp_ls/0/11506582770/0"	"湖北武汉"	"男"	"59"	"4"
"256"	"周永军"	"河北路政执法员周永军连续奋战在疫情防控一线，突发脑溢血，经全力抢救无效，年仅42岁。"	"http://inews.gtimg.com/newsapp_ls/0/11506586116/0"	"河北张家口"	"男"	"42"	"4"
"257"	"吴骞"	"武汉救助管理站调度员吴骞，护送一名独自来汉的失聪男孩回家前后，不幸感染新冠肺炎，生命定格37岁。"	"http://inews.gtimg.com/newsapp_ls/0/11475589796/0"	"湖北武汉"	"男"	"37"	"4"
"258"	"王晓东"	"天长市文物管理所副所长王晓东，抗疫半月不幸殉职，年仅51岁，值守一线到生命最后六小时。"	"http://inews.gtimg.com/newsapp_ls/0/11506586619/0"	"安徽滁州"	"男"	"51"	"4"
"259"	"林肇宏"	"海南大学管理学院42岁院长林肇宏，疫情发生以来一直坚守一线，加班后突发疾病殉职。"	"http://inews.gtimg.com/newsapp_ls/0/11506586924/0"	"海南儋州"	"男"	"42"	"4"
"260"	"王芳"	"定边县县级协管员王芳，防疫加班后乘车回家，途中遭遇车祸不幸殉职，年仅34岁。"	"http://inews.gtimg.com/newsapp_ls/0/11475589330/0"	"陕西榆林"	"女"	"34"	"4"
"261"	"刘慧欣"	"永城市住房保障局29岁职工刘慧欣，防疫期间主动要求到任务最重岗位，下班途中遭遇车祸不幸去世。"	"http://inews.gtimg.com/newsapp_ls/0/11506587851/0"	"河南商丘"	"男"	"29"	"4"
"262"	"鲁力"	"长沙市交通运输综合行政执法局42岁大队长鲁力，协助测量过5.5万人体温，连续工作54天后心脏骤停殉职。"	"http://inews.gtimg.com/newsapp_ls/0/11506588302/0"	"湖南长沙"	"男"	"42"	"4"
"263"	"郝修臣"	"南阳唐河县市场发展服务中心职工郝修臣，连续多日坚守在防控卡点，不幸殉职，终年55岁。"	"http://inews.gtimg.com/newsapp_ls/0/11506588817/0"	"河南南阳"	"男"	"55"	"4"
"264"	"钟永忠"	"孝感市道路运输管理处稽查员钟永忠，退伍军人，疫情卡口执勤回家后因心脏病复发去世，年仅51岁。"	"http://inews.gtimg.com/newsapp_ls/0/11506589635/0"	"湖北孝感"	"男"	"51"	"4"
"265"	"赖小东"	"乐清琯头村65岁网格员赖小东，疫情发生以来坚守一线，被称“老黄牛”，赶往登记点路上不幸猝死。"	"http://inews.gtimg.com/newsapp_ls/0/11506589778/0"	"浙江温州"	"男"	"65"	"4"
"266"	"赵建忠"	"河南省公安厅辅警赵建忠，在运送防护物资时突发心梗，抢救无效后牺牲，年仅45岁。"	"http://inews.gtimg.com/newsapp_ls/0/11506590775/0"	"河南郑州"	"男"	"45"	"2"
"267"	"付永杰"	"黑河59岁志愿者付永杰，主动请赴抗疫一线，在收费站卡点消毒工作中突发心脏疾病，不幸离世。"	"http://inews.gtimg.com/newsapp_ls/0/11506592643/0"	"黑龙江黑河"	"男"	"59"	"5"
"268"	"罗付光"	"奉新县柳溪乡东庄村55岁志愿者罗付光，防控执勤时同帐篷一起被刮落河中，头部受到剧烈撞击去世。"	"http://inews.gtimg.com/newsapp_ls/0/11506593312/0"	"江西宜春"	"男"	"55"	"5"
"269"	"何明"	"钦州灵山县60岁志愿者何明，在疫情防控一线运送爱心物资过程中，不慎摔倒离世。"	"http://inews.gtimg.com/newsapp_ls/0/11506593527/0"	"广西钦州"	"男"	"60"	"5"
"270"	"曾玉萍"	"宜宾珙县抗疫志愿者曾玉萍因过度劳累去世，年仅51岁，曾连续工作18天。"	"http://inews.gtimg.com/newsapp_ls/0/11506594256/0"	"四川宜宾"	"女"	"51"	"5"
"271"	"黄小周"	"永兴县志愿者黄小周完成卡点值勤交班后，遭遇交通事故去世，生命定格在45岁。"	"http://inews.gtimg.com/newsapp_ls/0/11506594506/0"	"湖南郴州"	"男"	"45"	"5"
"272"	"贾庆臣"	"泰安角峪镇先锋村志愿者贾庆臣，连续奋战9天倒在战疫一线，年仅31岁，被追授岱岳区最美志愿者。"	"http://inews.gtimg.com/newsapp_ls/0/11506594813/0"	"山东泰安"	"男"	"31"	"5"
"273"	"曹现臣"	"临沂村民曹现臣在防控新冠肺炎工作中，驾驶装载机不慎跌入汪塘去世，年仅45岁。"	"http://inews.gtimg.com/newsapp_ls/0/11506595144/0"	"山东临沂"	"男"	"45"	"5"
"274"	"汤国平"	"天门岳口镇勇敢社区志愿者汤国平，参与社区消杀工作途中突发疾病去世，第二天就是他60岁的生日。"	"http://inews.gtimg.com/newsapp_ls/0/11475684463/0"	"湖北天门"	"男"	"59"	"5"
"275"	"金华为"	"荆门广播电视台志愿者金华为，在抗疫一线突发中风，不治离世，年仅49岁。"	"http://inews.gtimg.com/newsapp_ls/0/11506595682/0"	"湖北荆门"	"男"	"49"	"5"
"276"	"徐润平"	"武川县博爱公益协会会长徐润平，坚守防疫一线做志愿者，突发心脏病倒在帐篷里去世，年仅45岁。"	"http://inews.gtimg.com/newsapp_ls/0/11475683928/0"	"内蒙古呼和浩特"	"男"	"45"	"5"
"277"	"倪佩文"	"蚌埠小区志愿者倪佩文不幸因心梗离世，倒在抗疫一线，年仅53岁。"	"http://inews.gtimg.com/newsapp_ls/0/11475693160/0"	"安徽蚌埠"	"男"	"53"	"5"
"278"	"郑世茂"	"温岭市退伍军人郑世茂，在结束村里轮值工作回家后突发疾病，送医院抢救无效去世，年仅42岁。"	"http://inews.gtimg.com/newsapp_ls/0/11506596844/0"	"浙江台州"	"男"	"42"	"5"
"279"	"宫高明"	"广元经开区盘龙镇深沟村疫情防控志愿者宫高明，35岁退伍军人，在防疫一线奋战18天后不幸去世。"	"http://inews.gtimg.com/newsapp_ls/0/11506597046/0"	"四川广元"	"男"	"35"	"5"
"280"	"王尔唐"	"老党员王尔唐防疫一线突发疾病去世，终年63岁，曾期待疫情早日过去，陪老伴到村边踏踏青。"	"http://inews.gtimg.com/newsapp_ls/0/11506597281/0"	"天津武清"	"男"	"63"	"5"
"281"	"钟世华"	"观山湖区百花湖镇哪嘎村52岁村民钟世华，连续多天值守防疫卡点不幸殉职，遗愿是儿子继续值守。"	"http://inews.gtimg.com/newsapp_ls/0/11506597634/0"	"贵州贵阳"	"男"	"52"	"5"
"282"	"刘广来"	"廊坊大城县平舒镇刘里北村志愿者刘广来，主动带病值守检测点，不幸去世，终年67岁。"	"http://inews.gtimg.com/newsapp_ls/0/11506598000/0"	"河北廊坊"	"男"	"67"	"5"
"283"	"杨永东"	"兰州永登县志愿者杨永东为防疫捐赠款物超6万元，不幸倒在了公益战斗一线，年仅43岁。"	"http://inews.gtimg.com/newsapp_ls/0/11506598459/0"	"甘肃兰州"	"男"	"43"	"5"
"284"	"王建良"	"池州东至县昭潭镇下塔村70岁村民王建良，退伍军人，主动请缨奋战防疫一线，突发疾病不幸去世。"	"http://inews.gtimg.com/newsapp_ls/0/11475704284/0"	"安徽池州"	"男"	"70"	"5"
"286"	"吴立省"	"温州泰顺县南浦溪镇库村村志愿者吴立省，主动投入防疫一线，奋战30多天不幸去世，年仅52岁。"	"http://inews.gtimg.com/newsapp_ls/0/11506599051/0"	"浙江温州"	"男"	"52"	"5"
"287"	"李跃龙"	"中国移动福建龙岩分公司政企客户部42岁副经理李跃龙，为战疫医院通讯建设连续加班，突发疾病去世。"	"http://inews.gtimg.com/newsapp_ls/0/11506601083/0"	"福建龙岩"	"男"	"42"	"5"
"288"	"厉恩伟"	"徐州铜山区利国水利站44岁党支部书记厉恩伟，抗疫工作中过度劳累去世，曾称“疫情不退我不退”。"	"http://inews.gtimg.com/newsapp_ls/0/11506601464/0"	"江苏徐州"	"男"	"44"	"5"
"289"	"刘贺伟"	"呼伦贝尔新桥市场防疫工作者刘贺伟，连续20天坚守一线，致身体严重透支去世，年仅42岁。"	"http://inews.gtimg.com/newsapp_ls/0/11506601877/0"	"内蒙古呼伦贝尔"	"男"	"42"	"5"
"290"	"何旭峰"	"绍兴医疗器械公司39岁工程师何旭峰，连续坚守防疫一线29天后去世，调运680多万件防护用品。"	"http://inews.gtimg.com/newsapp_ls/0/11506602322/0"	"浙江绍兴"	"男"	"39"	"5"
"291"	"杨波"	"联通平潭分公司市场支撑总监杨波，在疫情防控通信保障一线因公殉职，年仅34岁。"	"http://inews.gtimg.com/newsapp_ls/0/11506602711/0"	"福建平潭"	"男"	"34"	"5"
"292"	"陈见海"	"日照东港区保安公司42岁经理陈见海，管理数百名保安人员，每日穿梭疫情检查点，突发疾病殉职。"	"http://inews.gtimg.com/newsapp_ls/0/11506603152/0"	"山东日照"	"男"	"42"	"5"
"293"	"何辉"	"武汉疫区志愿者何辉感染新冠肺炎离世，年仅54岁，生前为医护人员运物资，称有一份力出一份力。"	"http://inews.gtimg.com/newsapp_ls/0/11506603351/0"	"湖北武汉"	"男"	"54"	"5"
"294"	"袁国平"	"50岁的国网邵阳绥宁县供电公司安全总监、安监部主任袁国平，为了供电保障连续奋战一个月，倒在了巡线路上。"	"http://inews.gtimg.com/newsapp_ls/0/11506603550/0"	"湖南邵阳"	"男"	"50"	"5"
"295"	"董飞跃"	"连续在抗疫一线奋斗32天的大悟县吕王镇董湾村党员董飞跃，因过度劳累突发脑溢血，不幸去世，年仅50岁。"	"http://inews.gtimg.com/newsapp_ls/0/11506604160/0"	"湖北孝感"	"男"	"50"	"5"
"296"	"许鹏"	"蓝天救援队队员许鹏为湖北运送抗疫救援物资途中，遭遇车祸不幸去世，年仅39岁，曾参加多次救援任务。"	"http://inews.gtimg.com/newsapp_ls/0/11506605243/0"	"江苏盐城"	"男"	"39"	"5"
"297"	"袁兆红"	"52岁保安袁兆红在战疫一线连续工作23天，除夕夜主动要求执勤，劳累过度突发脑溢血去世。"	"http://inews.gtimg.com/newsapp_ls/0/11506607598/0"	"山东济南"	"男"	"52"	"5"
"298"	"廉光民"	"淄博妇幼保健院52岁保安队长廉光民突发心梗殉职，生前还帮医务人员搬运物资，已连续工作13天。"	"http://inews.gtimg.com/newsapp_ls/0/11506607879/0"	"山东淄博"	"男"	"52"	"5"
"299"	"李习文"	"安徽太湖村干部李习文忙完疫情防控又忙复工复产，突发脑溢血倒在扶贫车间，年仅45岁。"	"http://inews.gtimg.com/newsapp_ls/0/11493709795/0"	"安徽安庆"	"男"	"45"	"3"
"300"	"毛勇"	"在疫情防控点值守的民警毛勇，在赶赴交通事故现场途中，所驾车辆被山上滚石砸中，因公殉职，年仅39岁。"	"http://inews.gtimg.com/newsapp_ls/0/11493709615/0"	"云南昭通"	"男"	"39"	"2"
"301"	"魏悦粧"	"广东汕头澄海区溪南镇大新村村委委员魏悦粧，为村里防疫工作连续奋战40余天，不幸殉职，终年57岁。"	"http://inews.gtimg.com/newsapp_ls/0/11493709547/0"	"广东汕头"	"女"	"57"	"3"
"302"	"王子春"	"唐山丰南区钱营镇汤毫子庄村党支部书记兼村委会主任王子春，日夜操劳倒在防疫一线，终年61岁。"	"http://inews.gtimg.com/newsapp_ls/0/11494706928/0"	"河北唐山"	"男"	"61"	"3"
"303"	"刘建武"	"周口副市长刘建武刚获任命第3天，突发心梗殉职，年仅45岁，牺牲前不久还在调研医废处置。"	"http://inews.gtimg.com/newsapp_ls/0/11493710156/0"	"河南周口"	"男"	"45"	"3"
"304"	"唐凡"	"“阳光少年”唐凡医生在泉州酒店坍塌事故中遇难，年仅21，工作不到一年。负责酒店防疫工作，曾羡慕朋友在一线。"	"http://inews.gtimg.com/newsapp_ls/0/11506657088/0"	"福建泉州"	"男"	"21"	"1"
"305"	"张军浩"	"57岁“老疾控人”、黄冈市疾控中心预防医学门诊部副主任张军浩，连续一线抗疫16天，突发心梗不幸去世。"	"http://inews.gtimg.com/newsapp_ls/0/11493710338/0"	"湖北黄冈"	"男"	"57"	"4"
"306"	"徐小丽"	"党员徐小丽在组织村内开展疫情防控工作时，执勤点凉亭被狂风刮倒，不幸被砸伤，抢救无效去世，年仅46岁。"	"http://inews.gtimg.com/newsapp_ls/0/11493710537/0"	"浙江诸暨"	"女"	"46"	"4"
"307"	"张凯"	"东至县总医院中医院院区重症医学科主任张凯因公殉职，年仅41岁，去世时床上铺满了病例和他的分析草稿。"	"http://inews.gtimg.com/newsapp_ls/0/11494708030/0"	"安徽池州"	"男"	"41"	"1"
"308"	"王德楠"	"娄底双峰县融媒体中心电台台长王德楠，连续在岗55天，倒在抗疫宣传路上，年仅46岁。"	"http://inews.gtimg.com/newsapp_ls/0/11494708234/0"	"湖南娄底"	"男"	"46"	"5"
"309"	"刘男"	"芙蓉区东沙社区滨湖小区志愿者服务队51岁队长刘男，因胃癌去世，生命最后时刻仍坚守在防疫一线。"	"http://inews.gtimg.com/newsapp_ls/0/11494708511/0"	"湖南长沙"	"女"	"51"	"5"
"310"	"刘叙普"	"宿迁卫生干部刘叙普主动请战抗疫，连续奋战20天，回家途中遭遇车祸，不幸去世，年仅51岁。"	"http://inews.gtimg.com/newsapp_ls/0/11494708899/0"	"江苏宿迁"	"男"	"51"	"3"
"311"	"荣志珏"	"江苏无锡民警荣志珏，因突发疾病倒在疫情防控一线，年仅48岁；曾破获3.3亿元大案。"	"http://inews.gtimg.com/newsapp_ls/0/11494709240/0"	"江苏无锡"	"男"	"48"	"2"
"312"	"贾良飞"	"浙江义乌市公安局佛堂派出所辅警贾良飞，突发疾病，倒在抗击疫情、护航复工复产的第一线，年仅36岁。"	"http://inews.gtimg.com/newsapp_ls/0/11494799845/0"	"浙江金华"	"男"	"36"	"2"
"313"	"王斌"	"贵阳广播电视台记者王斌，解除自主隔离后立即回到一线，带来大量疫情报道，因劳累猝死，年仅38岁。"	"http://inews.gtimg.com/newsapp_ls/0/11494710343/0"	"贵州贵阳"	"男"	"38"	"5"
"314"	"毕新军"	"山东滨州滨城区毕家居委会党支部书记毕新军，忍着病痛在防控一线坚守20多个日夜，生命定格在53岁。"	"http://inews.gtimg.com/newsapp_ls/0/11494710721/0"	"山东滨州"	"男"	"53"	"3"
"315"	"张明"	"西安铁路公安局咸阳站派出所刑侦治安组警长张明，连续21天没回家，不幸在防疫一线殉职，年仅35岁。"	"http://inews.gtimg.com/newsapp_ls/0/11494710935/0"	"陕西咸阳"	"男"	"35"	"2"
"316"	"白力珠"	"内蒙古鄂伦春自治旗克一河镇47岁党委书记白力珠，连续奋战防疫一线38天，在火车站督查期间殉职。"	"http://inews.gtimg.com/newsapp_ls/0/11494712196/0"	"内蒙古呼伦贝尔"	"男"	"47"	"3"
"317"	"石关云"	"三亚市公安局南山派出所民警石关云，在防疫一线通宵值夜班后，到村里排查时不幸殉职，年仅48岁。"	"http://inews.gtimg.com/newsapp_ls/0/11494713896/0"	"海南三亚"	"男"	"48"	"2"
"318"	"刘纯烽"	"武汉江夏区人社局副局长刘纯烽，主动下沉抗疫一线，感染新冠肺炎殉职，终年58岁，女儿也下沉社区。"	"http://inews.gtimg.com/newsapp_ls/0/11494714438/0"	"湖北武汉"	"男"	"58"	"4"
"319"	"孟庆波"	"湖北丹江口石鼓镇卫生院副院长孟庆波，疫情期间坚守医疗急救工作，46天无休，不幸殉职，年仅51岁。"	"http://inews.gtimg.com/newsapp_ls/0/11534014764/0"	"湖北十堰"	"男"	"51"	"1"
"320"	"朱秋龙"	"永城市公安局交警大队辅警朱秋龙在上班途中突发脑溢血，经抢救无效去世，年仅32岁。"	"http://inews.gtimg.com/newsapp_ls/0/11534037357/0"	"河南永城"	"男"	"32"	"2"
"321"	"李志刚"	"晋城泽州县犁川镇八良掌村村委主任李志刚，在疫情值班卡口检查工作期间不幸殉职，年仅41岁。"	"http://inews.gtimg.com/newsapp_ls/0/11492799270/0"	"山西晋城"	"男"	"41"	"3"
"322"	"廖庆绪"	"武汉汉阳十里铺66岁社区医生廖庆绪，疫情期间坚持接诊，感染新冠肺炎殉职，“社区再无守门人”。"	"http://inews.gtimg.com/newsapp_ls/0/11494716006/0"	"湖北武汉"	"男"	"66"	"1"
"323"	"李国健"	"天门汪场镇江桥村61岁志愿者李国健，10多天连轴转，在防疫卡口值守时突发脑溢血不幸去世。"	"http://inews.gtimg.com/newsapp_ls/0/11492815651/0"	"湖北天门"	"男"	"61"	"5"
"324"	"张小华"	"湖北广水土门村党支部52岁副书记、村委会主任张小华，为守出一个“无疫村”奋战43天，因心梗去世。"	"http://inews.gtimg.com/newsapp_ls/0/11494716854/0"	"湖北随州"	"男"	"52"	"3"
"325"	"杜红"	"聊城退役军人杜红坚守抗疫一线，因劳累过度不幸牺牲，年仅46岁。"	"http://inews.gtimg.com/newsapp_ls/0/11494717374/0"	"山东聊城"	"女"	"46"	"5"
"326"	"陈继国"	"玉林茂林镇湘汉社区居委会53岁副主任陈继国，没日没夜奋战抗疫一线，连续工作31天，不幸殉职。"	"http://inews.gtimg.com/newsapp_ls/0/11494717610/0"	"广西玉林"	"男"	"53"	"4"
"327"	"朱建波"	"安徽蚌埠固镇县仲兴乡纪委书记朱建波，防疫一线连续奋战47天，吃住在工作岗位上，不幸殉职，年仅45岁。"	"http://inews.gtimg.com/newsapp_ls/0/11494728737/0"	"安徽蚌埠"	"男"	"45"	"3"
"328"	"王海东"	"丹东宽甸县34岁退役军人王海东，连日坚守防疫一线，突发大面积脑梗塞不幸去世，儿子才2岁多。"	"http://inews.gtimg.com/newsapp_ls/0/11494729000/0"	"辽宁丹东"	"男"	"34"	"5"
"329"	"孙战贝"	"沣西新城高桥街道严小村监委会64岁委员孙战贝，在抗疫一线奋战多日后殉职，村民留言数百条送行。"	"http://inews.gtimg.com/newsapp_ls/0/11494729250/0"	"陕西西安"	"男"	"64"	"3"
"330"	"韦炜"	"浦北县二级主任科员韦炜坚守防疫一线，因过度疲劳突发疾病，经救治无效不幸去世，享年55岁。"	"http://inews.gtimg.com/newsapp_ls/0/11494729602/0"	"广西钦州"	"男"	"55"	"3"
"331"	"李耀军"	"陕西汉中镇巴县简池镇55岁干部李耀军，主动担负起全村地理位置最偏小组的摸排任务，在防疫一线殉职。"	"http://inews.gtimg.com/newsapp_ls/0/11494729997/0"	"陕西汉中"	"男"	"55"	"3"
"332"	"蔡绪强"	"湖北省荣军医院总务科职工蔡绪强，疫情期间担负起全院饮食配送工作，倒下前发出最后一张送餐统计表，年仅53岁。"	"http://inews.gtimg.com/newsapp_ls/0/11494730400/0"	"湖北武汉"	"男"	"53"	"4"
"333"	"洛绒益西"	"四川甘孜州得荣县龙绒寺寺管会主任洛绒益西，突发疾病殉职，倒下前一秒还在记录信息，年仅39岁。"	"http://inews.gtimg.com/newsapp_ls/0/11492851426/0"	"四川甘孜"	"男"	"39"	"3"
"334"	"李淑涛"	"新疆兵团十四师二二四团农业发展服务中心工作人员李淑涛，在防疫一线连续奋战，不幸殉职，年仅45岁。"	"http://inews.gtimg.com/newsapp_ls/0/11492851317/0"	"新疆兵团"	"男"	"45"	"4"
"335"	"李淼"	"新疆阿合奇县50岁县纪委书记、监委主任李淼，连续奋战防疫一线，殉职当天是到该县履职的第365天。"	"http://inews.gtimg.com/newsapp_ls/0/11494731777/0"	"新疆克孜勒苏"	"男"	"50"	"3"
"336"	"李卫荣"	"淮安市交警支队二大队一中队52岁辅警李卫荣，执勤39天后殉职，留下智力残疾的女儿和刚毕业的儿子。"	"http://inews.gtimg.com/newsapp_ls/0/11494732130/0"	"江苏淮安"	"男"	"52"	"2"
"337"	"罗轩"	"湖北天门市中医医院38岁女医生罗轩，系全国最早一批因公殉职的医务人员，出现发烧咳嗽症状后不幸去世。"	"http://inews.gtimg.com/newsapp_ls/0/11492867999/0"	"湖北天门"	"女"	"38"	"1"
"338"	"丁平原"	"武汉社区保安丁平原感染新冠肺炎去世，终年59岁，自幼父母双亡，吃百家饭长大，妻子也被确诊。"	"http://inews.gtimg.com/newsapp_ls/0/11494776062/0"	"湖北武汉"	"男"	"59"	"5"
"339"	"王福鹏"	"福建卫生服务中心工作人员王福鹏，不幸在泉州隔离酒店坍塌中去世，年仅27岁，事发当日在酒店值班。"	"http://inews.gtimg.com/newsapp_ls/0/11494839989/0"	"福建泉州"	"男"	"27"	"1"
"340"	"任荣"	"淮北一村主任任荣坚守抗疫一线47天，因过度劳累突发心脏病去世，生命定格在51岁。"	"http://inews.gtimg.com/newsapp_ls/0/11494777107/0"	"安徽淮北"	"男"	"51"	"3"
"341"	"李益仲"	"省娄底市公路路政管理执法支队支队长李益仲坚守防疫一线，因劳累过度殉职，年仅47岁。"	"http://inews.gtimg.com/newsapp_ls/0/11494779189/0"	"湖南娄底"	"男"	"47"	"4"
"343"	"李洪明"	"山东德州陵城区干部李洪明坚守防疫一线，开车奔赴工作途中坠入河中不幸去世，年仅28岁，儿子刚过满月。"	"http://inews.gtimg.com/newsapp_ls/0/11494780170/0"	"山东德州"	"男"	"28"	"4"
"346"	"阿真能周"	"森林公安局民警阿真能周在完成通宵防疫卡点执勤任务后，劳累过度引发疾病，在派出所不幸牺牲，年仅30岁。"	"http://inews.gtimg.com/newsapp_ls/0/11494781221/0"	"四川阿坝"	"男"	"30"	"2"
"347"	"赵宗振"	"临沂河东内燃机配件厂74岁退休职工赵宗振，主动报名防疫执勤，去购买防疫物资路上遭遇车祸去世。"	"http://inews.gtimg.com/newsapp_ls/0/11494784022/0"	"山东临沂"	"男"	"74"	"5"
"352"	"魏沙沙"	"榆林市定边街道办西关民族社区公益性岗位人员，在加完班回家途中，不幸遭遇车祸，因公殉职，年仅36岁。"	"http://inews.gtimg.com/newsapp_ls/0/11534625375/0"	"陕西定边"	"女"	"36"	"4"
"353"	"童思军"	"铜川市耀州区疾病预防控制中心职工童思军连续奋战25天，因劳累过度吐血晕倒，抢救无效殉职，终年57岁。"	"http://inews.gtimg.com/newsapp_ls/0/11506767954/0"	"陕西铜川"	"男"	"57"	"4"
"354"	"宋英杰"	"衡阳衡山县东湖镇马迹卫生院医生宋英杰，连续十天奋斗在一线，零点值完班后突发心源性猝死殉职，年仅28岁。"	"http://inews.gtimg.com/newsapp_ls/0/11534165506/0"	"湖南衡阳"	"男"	"28"	"1"
"355"	"杜显圣"	"琼中县阳江农场医院医生，其单位曾发生聚集性疫情。经过70余次救治，仍未能挽回他的生命，享年55岁。"	"http://inews.gtimg.com/newsapp_ls/0/11534372009/0"	"海南琼中"	"男"	"55"	"1"
"356"	"章良志"	"沛县公安局辅警，他本该休假却主动请缨，加班时身体突感不适殉职，本准备疫情过后要个二胎，年仅26岁。"	"http://inews.gtimg.com/newsapp_ls/0/11534405964/0"	"江苏徐州"	"男"	"26"	"2"
"357"	"廖建军"	"50岁的武汉市硚口区六角亭街民意社区居委会副主任，用轮椅将疑似病人送医，不幸感染新冠肺炎殉职，被评定为烈士。"	"http://inews.gtimg.com/newsapp_ls/0/11532340377/0"	"湖北武汉"	"男"	"50"	"4"
